AppID,Name,About,ReleaseDate,Developer,Tags,HeaderImage,Price,Reviews
730,Counter-Strike 2,"For over two decades, Counter-Strike has offered an elite competitive experience, one shaped by millions of players from across the globe. And now the next chapter in the CS story is about to begin. This is Counter-Strike 2.","21 Aug, 2012",Valve,"FPS, Shooter, Multiplayer, Competitive, Action, Team-Based, eSports, Tactical, First-Person, PvP",https://shared.cloudflare.steamstatic.com/store_item_assets/steam/apps/730/header.jpg?t=1745368595,Free To Play,Very Positive
2993780,FANTASY LIFE i: The Girl Who Steals Time,"Step into this Slow-Life RPG where you can freely switch between 14 unique jobs, so called ""Lives,"" and enjoy a carefree life in a fantasy world. Fish, cook, shape the island to your liking, or team up with friends to battle monsters across the vast world.","21 May, 2025",LEVEL5 Inc.,"RPG, Action, Casual, JRPG, Action-Adventure, City Builder, Exploration, Party-Based RPG, 3D, Cute",https://shared.cloudflare.steamstatic.com/store_item_assets/steam/apps/2993780/header.jpg?t=1747941348,$49.99 USD,Very Positive
230410,Unknown Title,,Unknown Date,Unknown Developer,,,Unknown Price,No Reviews
1675200,Unknown Title,,Unknown Date,Unknown Developer,,,Unknown Price,No Reviews
2104890,RoadCraft,"As the leader of a company specialized in restoring sites devastated by natural disasters, use your construction machinery to restart the local industry. Clear debris and faulty equipment, rebuild roads and bridges damaged by weather, and much more!","20 May, 2025",Saber Interactive,"Simulation, Building, Driving, Adventure, Physics, Online Co-Op, Automation, Automobile Sim, Nature, Exploration",https://shared.cloudflare.steamstatic.com/store_item_assets/steam/apps/2104890/header.jpg?t=1747930099,$27.99 USD,Mostly Positive
2742830,Monster Train 2,"Monster Train returns with all new clans, new enemy factions, new challenges, new modes and more! Defend your Pyre in the classic three-tiered, vertical gameplay that made the original roguelike deckbuilder a hit.","21 May, 2025",Shiny Shoe,"Strategy, Card Game, Roguelike, Turn-Based Strategy, Turn-Based Tactics, Demons, Fantasy, Trains, Singleplayer, PvP",https://shared.cloudflare.steamstatic.com/store_item_assets/steam/apps/2742830/header.jpg?t=1747843433,$12.49 USD,Overwhelmingly Positive
1091500,Unknown Title,,Unknown Date,Unknown Developer,,,Unknown Price,No Reviews
1903340,Unknown Title,,Unknown Date,Unknown Developer,,,Unknown Price,No Reviews
1172470,Apex Legends™,"Apex Legends is the award-winning, free-to-play Hero Shooter from Respawn Entertainment. Master an ever-growing roster of legendary characters with powerful abilities, and experience strategic squad play and innovative gameplay in the next evolution of Hero Shooter and Battle Royale.","4 Nov, 2020",Respawn,"Free to Play, Multiplayer, Battle Royale, FPS, Shooter, First-Person, PvP, Action, Hero Shooter, Team-Based",https://shared.cloudflare.steamstatic.com/store_item_assets/steam/apps/1172470/b7e2d0c4b5f34b6751269c359070f706ff6d59fe/header.jpg?t=1746554828,Free To Play,Mixed
2139460,Once Human,"Once Human is a multiplayer open-world survival game set in a strange, post-apocalyptic future. Unite with friends to fight monstrous enemies, uncover secret plots, compete for resources, and build your own territory. Once, you were merely human. Now, you have the power to remake the world.","9 Jul, 2024",Starry Studio,"Multiplayer, Free to Play, Survival, Open World Survival Craft, Open World, Horror, Co-op, Strategy, Shooter, Post-apocalyptic",https://shared.cloudflare.steamstatic.com/store_item_assets/steam/apps/2139460/083b387763c8b88f6edd0389a8ab065f62856d8a/header.jpg?t=1747879257,Free To Play,Mostly Positive
2622380,ELDEN RING NIGHTREIGN,"ELDEN RING NIGHTREIGN is a standalone adventure within the ELDEN RING universe, crafted to offer players a new gaming experience by reimagining the game’s core design.","29 May, 2025","FromSoftware, Inc.","Souls-like, Online Co-Op, Multiplayer, Singleplayer, Roguelike, Action, Co-op, Third Person, RPG, PvE",https://shared.cloudflare.steamstatic.com/store_item_assets/steam/apps/2622380/header.jpg?t=1747267143,$25.99 USD,No Reviews
3513350,Wuthering Waves,"Wuthering Waves is a story-rich open-world action RPG with a high degree of freedom. You wake from your slumber as Rover, joined by a vibrant cast of Resonators on a journey to reclaim your lost memories and change the world.","28 Apr, 2025",KURO GAMES,"Open World, Action, Anime, Free to Play, Adventure, RPG, Story Rich, Combat, Exploration, Souls-like",https://shared.cloudflare.steamstatic.com/store_item_assets/steam/apps/3513350/d5186eb0965fb3351397486008855142fc7ae124/header.jpg?t=1746670477,Free To Play,Very Positive
1174180,Red Dead Redemption 2,"Winner of over 175 Game of the Year Awards and recipient of over 250 perfect scores, RDR2 is the epic tale of outlaw Arthur Morgan and the infamous Van der Linde gang, on the run across America at the dawn of the modern age. Also includes access to the shared living world of Red Dead Online.","5 Dec, 2019",Rockstar Games,"Open World, Story Rich, Western, Adventure, Multiplayer, Action, Realistic, Singleplayer, Shooter, Atmospheric",https://shared.cloudflare.steamstatic.com/store_item_assets/steam/apps/1174180/header.jpg?t=1720558643,$14.99 USD,Very Positive
292030,Unknown Title,,Unknown Date,Unknown Developer,,,Unknown Price,No Reviews
578080,PUBG: BATTLEGROUNDS,"PUBG: BATTLEGROUNDS, the high-stakes winner-take-all shooter that started the Battle Royale craze, is free-to-play! Drop into diverse maps, loot unique weapons and supplies, and survive in an ever-shrinking zone where every turn could be your last.","21 Dec, 2017",PUBG Corporation,"Survival, Shooter, Battle Royale, Multiplayer, FPS, PvP, Third-Person Shooter, Action, Online Co-Op, Tactical",https://shared.cloudflare.steamstatic.com/store_item_assets/steam/apps/578080/841ea38bc58cabb70aef65365cf50bc2d79329d9/header.jpg?t=1746590920,Free To Play,Mixed
1086940,Unknown Title,,Unknown Date,Unknown Developer,,,Unknown Price,No Reviews
2186680,"Warhammer 40,000: Rogue Trader","Made in a close partnership with Games Workshop, Warhammer 40,000: Rogue Trader is a story-rich classical RPG from Owlcat Games, developers of the critically acclaimed game, Pathfinder: Wrath of the Righteous.","7 Dec, 2023",Owlcat Games,"Warhammer 40K, Action, CRPG, Co-op, Adventure, Turn-Based Combat, Strategy RPG, Multiplayer, Strategy, Singleplayer",https://shared.cloudflare.steamstatic.com/store_item_assets/steam/apps/2186680/37369cb7a288a448831b16ff08d5004113333d0a/header.jpg?t=1747935107,$35.20 USD,Very Positive
1153410,JDM: Japanese Drift Master,"Discover Japan’s legendary car culture in JDM: Japanese Drift Master! Take on challenging roads with refined simcade physics, immerse in the story through manga pages, and explore an open world inspired by stunning real-life areas. Every turn invites you to master the art of drift.","21 May, 2025",Gaming Factory,"Racing, Simulation, Open World, Automobile Sim, Driving, Controller, Sports, Physics, Story Rich, Exploration",https://shared.cloudflare.steamstatic.com/store_item_assets/steam/apps/1153410/7a2223dff24456e54907fa6083790bb52e7b354a/header.jpg?t=1747933510,$2.99 USD,Mostly Positive
3017860,Unknown Title,,Unknown Date,Unknown Developer,,,Unknown Price,No Reviews
1973530,Limbus Company,"As the Executive Manager of Limbus Company, lead your group of twelve Sinners, venture into the buried facilities of Lobotomy Corporation, and lay claim on the Golden Boughs.","26 Feb, 2023",ProjectMoon,"Lore-Rich, Story Rich, Free to Play, Turn-Based Tactics, Turn-Based Combat, RPG, Visual Novel, Singleplayer, Strategy, Strategy RPG",https://shared.cloudflare.steamstatic.com/store_item_assets/steam/apps/1973530/header.jpg?t=1747619569,Free To Play,Very Positive
784150,Workers & Resources: Soviet Republic,Build a soviet republic from an impoverished country into a rich industrial superpower in a city builder with intricate production chains and a fully simulated global economy. Manage the lives of your citizens from education to work and party loyalty to criminal activity.,"20 Jun, 2024",3Division,"Strategy, Simulation, City Builder, Base Building, Management, Building, Grand Strategy, Sandbox, Survival, Open World",https://shared.cloudflare.steamstatic.com/store_item_assets/steam/apps/784150/header.jpg?t=1744896878,$20.20 USD,Very Positive
3241660,R.E.P.O.,"An online co-op horror game with up to 6 players. Locate valuable, fully physics-based objects and handle them with care as you retrieve and extract to satisfy your creator's desires.","26 Feb, 2025",semiwork,"Horror, Online Co-Op, Multiplayer, Comedy, Co-op, Physics, 3D, First-Person, Stealth, Action",https://shared.cloudflare.steamstatic.com/store_item_assets/steam/apps/3241660/1ea445e044a2d5b09cfa8291350b63ebed6e5741/header.jpg?t=1747381002,$5.79 USD,Overwhelmingly Positive
3164500,Schedule I,"From small-time dope pusher to kingpin - manufacture and distribute a range of drugs throughout the grungy city of Hyland Point. Expand your empire with properties, businesses, employees and more.","24 Mar, 2025",TVGS,"Simulation, Co-op, Crime, Multiplayer, Open World, Management, First-Person, Action, Crafting, Base Building",https://shared.cloudflare.steamstatic.com/store_item_assets/steam/apps/3164500/header.jpg?t=1747246016,$10.49 USD,Overwhelmingly Positive
1361210,"Warhammer 40,000: Darktide","Take back the city of Tertium from hordes of bloodthirsty foes in this intense and brutal action shooter. Warhammer 40,000: Darktide is the new co-op focused experience from the award-winning team behind the Vermintide series. As Tertium falls, Rejects Will Rise.","30 Nov, 2022",Fatshark,"Horror, Team-Based, Combat, Class-Based, Zombies, Hack and Slash, PvE, Shooter, FPS, Warhammer 40K",https://shared.cloudflare.steamstatic.com/store_item_assets/steam/apps/1361210/ad01401745a40ce6c4eb5aea695fcb670cbed9f0/header_alt_assets_7.jpg?t=1747940543,$5.24 USD,Mostly Positive
2138330,Unknown Title,,Unknown Date,Unknown Developer,,,Unknown Price,No Reviews
3334790,Workers & Resources: Soviet Republic - Early Start,,"22 May, 2025",3Division,"Strategy, Simulation, City Builder, Base Building, Management, Grand Strategy, Building, Sandbox, Historical, Economy",https://shared.cloudflare.steamstatic.com/store_item_assets/steam/apps/3334790/71a3399d1cea70d234beb5dc70cd4217bc327643/header.jpg?t=1747934100,$8.99 USD,Positive
2183900,"Warhammer 40,000: Space Marine 2",Embody the superhuman skill and brutality of a Space Marine. Unleash deadly abilities and devastating weaponry to obliterate the relentless Tyranid swarms. Defend the Imperium in spectacular third-person action in solo or multiplayer modes.,"9 Sep, 2024",Saber Interactive,"Warhammer 40K, Action, Third-Person Shooter, Multiplayer, Co-op, PvE, Adventure, Action-Adventure, Third Person, Sci-fi",https://shared.cloudflare.steamstatic.com/store_item_assets/steam/apps/2183900/b218028e3a2901985b54ea27e4627209bb78039c/header_alt_assets_6.jpg?t=1747932217,$61.60 USD,Very Positive
1142710,Total War: WARHAMMER III,"The cataclysmic conclusion to the Total War: WARHAMMER trilogy is here. Rally your forces and step into the Realm of Chaos, a dimension of mind-bending horror where the very fate of the world will be decided. Will you conquer your Daemons… or command them?","16 Feb, 2022",CREATIVE ASSEMBLY,"Strategy, Turn-Based Strategy, Grand Strategy, RTS, Fantasy, Real Time Tactics, War, Dark Fantasy, Action, Dwarf",https://shared.cloudflare.steamstatic.com/store_item_assets/steam/apps/1142710/44216108890c379598fe53c878c27bf397d8cf60/header_alt_assets_4.jpg?t=1747123128,$149.01 USD,Very Positive
252490,Rust,"The only aim in Rust is to survive. Everything wants you to die - the island’s wildlife, other inhabitants, the environment, and other survivors. Do whatever it takes to last another night.","8 Feb, 2018",Facepunch Studios,"Survival, Crafting, Multiplayer, Open World, Open World Survival Craft, Building, PvP, Sandbox, Adventure, First-Person",https://shared.cloudflare.steamstatic.com/store_item_assets/steam/apps/252490/header.jpg?t=1747389753,$18.99 USD,Very Positive
2357570,Overwatch® 2,"Overwatch 2 is a critically acclaimed, team-based shooter game set in an optimistic future with an evolving roster of heroes. Team up with friends and jump in today.","10 Aug, 2023","Blizzard Entertainment, Inc.","Free to Play, MOBA, Hero Shooter, Third-Person Shooter, FPS, First-Person, Team-Based, Third Person, Multiplayer, PvP",https://shared.cloudflare.steamstatic.com/store_item_assets/steam/apps/2357570/e9cfc3828ebc0501e81a35760c451eb3b0734dea/header.jpg?t=1747769608,Free To Play,Mixed
2767030,Marvel Rivals,"Marvel Rivals is a Super Hero Team-Based PVP Shooter! Assemble an all-star Marvel squad, devise countless strategies by combining powers to form unique Team-Up skills and fight in destructible, ever-changing battlefields across the continually evolving Marvel universe!","5 Dec, 2024",NetEase Games,"Free to Play, Multiplayer, Hero Shooter, Third-Person Shooter, Superhero, PvP, Action, Team-Based, Competitive, Shooter",https://shared.cloudflare.steamstatic.com/store_item_assets/steam/apps/2767030/15bae4d173dc131df80b8e853fb5dc4c765872d6/header.jpg?t=1747650710,Free To Play,Mostly Positive
2074920,Unknown Title,,Unknown Date,Unknown Developer,,,Unknown Price,No Reviews
381210,Unknown Title,,Unknown Date,Unknown Developer,"Gore, Blood, Violent, Mature",,Unknown Price,No Reviews
990080,Hogwarts Legacy,"Hogwarts Legacy is an immersive, open-world action RPG. Now you can take control of the action and be at the center of your own adventure in the wizarding world.","10 Feb, 2023",Avalanche Software,"Magic, Open World, Fantasy, Singleplayer, Adventure, RPG, Character Customization, Exploration, Story Rich, Third Person",https://shared.cloudflare.steamstatic.com/store_item_assets/steam/apps/990080/a3cdc6f40d97df8ac993679c2dd1edeb5222421e/header.jpg?t=1747346162,$4.99 USD,Very Positive
2623190,Unknown Title,,Unknown Date,Unknown Developer,,,Unknown Price,No Reviews
1144200,Ready or Not,"Ready or Not is an intense, tactical, first-person shooter that depicts a modern-day world in which SWAT police units are called to defuse hostile and confronting situations.","13 Dec, 2023",VOID Interactive,"Tactical, Realistic, FPS, Shooter, Multiplayer, Co-op, Singleplayer, Horror, First-Person, Action",https://shared.cloudflare.steamstatic.com/store_item_assets/steam/apps/1144200/header.jpg?t=1747153161,$9.63 USD,Very Positive
1857740,MOBILE SUIT GUNDAM SEED BATTLE DESTINY REMASTERED,"Become a pilot in the world of Mobile Suit Gundam SEED, for the first time available with English localization! Engage in thrilling, action-packed Gundam battles, complete missions, and tune up your newly acquired Mobile Suits!","21 May, 2025",Bandai Namco Forge Digitals Inc.,"Action, RPG, Casual, Mechs, Anime, Action RPG, Robots, 3D Platformer, Singleplayer, Character Customization",https://shared.cloudflare.steamstatic.com/store_item_assets/steam/apps/1857740/header.jpg?t=1747881074,$25.99 USD,Mostly Positive
1466060,Tainted Grail: The Fall of Avalon,"Step into a dark reimagination of Arthurian legends in this first person, open world RPG. Explore a world stuck in everlasting autumn, witness falling legends and make meaningful choices woven into a complex, branching storyline.","30 Mar, 2023",Questline,"Early Access, Adventure, Open World, Dark Fantasy, RPG, Third Person, First-Person, Exploration, Character Customization, Action RPG",https://shared.cloudflare.steamstatic.com/store_item_assets/steam/apps/1466060/0c0e01b67ccd041c4d69542fea84972836d7055a/header.jpg?t=1747923728,$20.99 USD,Overwhelmingly Positive
236390,War Thunder,"War Thunder is the most comprehensive free-to-play, cross-platform, MMO military game dedicated to aviation, armoured vehicles, and naval craft, from the early 20th century to the most advanced modern combat units. Join now and take part in major battles on land, in the air, and at sea.","15 Aug, 2013",Gaijin Entertainment,"Free to Play, Simulation, Vehicular Combat, Combat, World War II, Flight, VR, War, Military, Tanks",https://shared.cloudflare.steamstatic.com/store_item_assets/steam/apps/236390/143bb936a24b8dfb7a8eadcb7173e9ab5bc1fa62/header.jpg?t=1746626432,Free To Play,Mostly Positive
1085660,Destiny 2,"Destiny 2 is an action MMO with a single evolving world that you and your friends can join anytime, anywhere, absolutely free.","1 Oct, 2019",Bungie,"Free to Play, Open World, Multiplayer, Looter Shooter, MMORPG, FPS, Co-op, PvE, PvP, Shooter",https://shared.cloudflare.steamstatic.com/store_item_assets/steam/apps/1085660/header.jpg?t=1746737959,Free To Play,Mixed
227300,Euro Truck Simulator 2,"Travel across Europe as king of the road, a trucker who delivers important cargo across impressive distances! With dozens of cities to explore, your endurance, skill and speed will all be pushed to their limits.","18 Oct, 2012",SCS Software,"Driving, Transportation, Simulation, Open World, Automobile Sim, Realistic, Moddable, Relaxing, Exploration, Economy",https://shared.cloudflare.steamstatic.com/store_item_assets/steam/apps/227300/header.jpg?t=1739871676,$95.06 USD,Overwhelmingly Positive
2625420,Drive Beyond Horizons,"Rev up your engines and venture into the unknown with Drive Beyond Horizons! Conquer dynamic landscapes, customize your ride, and unearth hidden treasures. Get ready for heart-pounding challenges and endless excitement. Your adventure starts now !","24 Mar, 2025",Drive Beyond Horizons,"Early Access, Adventure, Action, Automobile Sim, Simulation, Multiplayer, Casual, Driving, Exploration, Shooter",https://shared.cloudflare.steamstatic.com/store_item_assets/steam/apps/2625420/header.jpg?t=1746031041,$12.49 USD,Very Positive
1284190,The Planet Crafter,"A space survival open world terraforming crafting game, designed for 1 to 10 players. Alter the ecosystem of an inhospitable planet to render it habitable for humanity. Survive, gather resources, and build your base. Then, generate oxygen, warmth, and pressure to create a brand new biosphere.","10 Apr, 2024",Miju Games,"Base Building, Open World Survival Craft, Survival, Online Co-Op, Co-op, Building, Crafting, Open World, Exploration, Space",https://shared.cloudflare.steamstatic.com/store_item_assets/steam/apps/1284190/3279e7783d71c91bb5f5b951baf0c5280879e934/header_alt_assets_10.jpg?t=1747921146,$6.37 USD,Overwhelmingly Positive
1172710,Unknown Title,,Unknown Date,Unknown Developer,,,Unknown Price,No Reviews
570,Dota 2,"Every day, millions of players worldwide enter battle as one of over a hundred Dota heroes. And no matter if it's their 10th hour of play or 1,000th, there's always something new to discover. With regular updates that ensure a constant evolution of gameplay, features, and heroes, Dota 2 has taken on a life of its own.","9 Jul, 2013",Valve,"Free to Play, MOBA, Multiplayer, Strategy, eSports, Team-Based, Competitive, Action, Online Co-Op, PvP",https://shared.cloudflare.steamstatic.com/store_item_assets/steam/apps/570/header.jpg?t=1745368590,Free To Play,Very Positive
1203620,Enshrouded,"You are Flameborn, last ember of hope of a dying race. Awaken, survive the terror of a corrupting fog, and reclaim the lost beauty of your kingdom. Venture into a vast world, vanquish punishing bosses, build grand halls and forge your path in this co-op survival action RPG for up to 16 players.","24 Jan, 2024",Keen Games GmbH,"Open World, Survival, Base Building, Multiplayer, Online Co-Op, Crafting, RPG, Adventure, Action RPG, Building",https://shared.cloudflare.steamstatic.com/store_item_assets/steam/apps/1203620/header.jpg?t=1747310135,$3.19 USD,Mostly Positive
359550,Tom Clancy's Rainbow Six® Siege,"Tom Clancy's Rainbow Six® Siege is an elite, tactical team-based shooter where superior planning and execution triumph.","1 Dec, 2015",Ubisoft Montreal,"FPS, PvP, eSports, Multiplayer, Tactical, Shooter, Competitive, Online Co-Op, Action, Hero Shooter",https://shared.cloudflare.steamstatic.com/store_item_assets/steam/apps/359550/header.jpg?t=1742315874,$15.99 USD,Mostly Positive
1203220,NARAKA: BLADEPOINT,"Dive into the legends of the Far East in NARAKA: BLADEPOINT; team up with friends in fast-paced melee fights for a Battle Royale experience unlike any other. Find your playstyle with a varied cast of heroes with unique skills. More than 20 million players have already joined the fray, play free now!","11 Aug, 2021",24 Entertainment,"Battle Royale, Multiplayer, Martial Arts, Mature, PvP, Action, Female Protagonist, Character Customization, Fighting, Massively Multiplayer",https://shared.cloudflare.steamstatic.com/store_item_assets/steam/apps/1203220/69531442db0cbb2581bfe842a24e270536648b5b/header.jpg?t=1745907587,Free To Play,Mixed
2479810,Gray Zone Warfare,"In Gray Zone Warfare, realism meets tactics in an open-world MMOFPS where every move matters. Deploy with a Private Military Company, survive intense PvEvP or PvE encounters against players and AI, unravel the secrets of Lamang Island, and thrive through hard-earned progression.","30 Apr, 2024","MADFINGER Games, a.s.","Early Access, Online Co-Op, Tactical, FPS, Shooter, Realistic, Extraction Shooter, First-Person, Military, Open World",https://shared.cloudflare.steamstatic.com/store_item_assets/steam/apps/2479810/0a613257378ceabcdfbf59a4c0c24984dc2bab26/header_alt_assets_0.jpg?t=1747916213,$19.95 USD,Mostly Positive
2001120,Split Fiction,"Embrace mind-blowing moments as you’re pulled deep into the many worlds of Split Fiction, a boundary-pushing co-op adventure.","6 Mar, 2025",Hazelight Studios,"Co-op, Split Screen, Female Protagonist, Action-Adventure, 3D Platformer, Fantasy, Sci-fi, Local Co-Op, Online Co-Op, Third Person",https://shared.cloudflare.steamstatic.com/store_item_assets/steam/apps/2001120/header.jpg?t=1747683986,$49.99 USD,Overwhelmingly Positive
1245620,Unknown Title,,Unknown Date,Unknown Developer,Violent,,Unknown Price,No Reviews
1962663,Unknown Title,,Unknown Date,Unknown Developer,"Violent, Gore, Realistic",,Unknown Price,No Reviews
1295500,"Warhammer 40,000: Battlesector","Warhammer 40,000: Battlesector is a fast-paced turn-based strategy game set in the grimdark universe of the 41st Millennium. Pick your force, develop your army, field mighty heroes and fight for victory using superior strategy, awesome abilities, and devastating weaponry.","22 Jul, 2021",Slitherine Ltd.,"Strategy, Warhammer 40K, Turn-Based Tactics, Turn-Based Strategy, 3D, Sci-fi, Isometric, Tactical, Turn-Based Combat, Singleplayer",https://shared.cloudflare.steamstatic.com/store_item_assets/steam/apps/1295500/47785319efa288a0a616d6956c1cf35130d50fc2/header_alt_assets_1.jpg?t=1747933584,$41.80 USD,Very Positive
2507950,Delta Force,"Delta Force is back! The iconic series returns as the definitive free-to-play modern team-based tactical shooter and featuring three distinct gameplay modes: large-scale PvP warfare, intense extraction shooter action, and a remake of the legendary Black Hawk Down campaign.","4 Dec, 2024",Team Jade,"Free to Play, FPS, Multiplayer, Singleplayer, Extraction Shooter, Shooter, Military, Massively Multiplayer, Action, Tactical",https://shared.cloudflare.steamstatic.com/store_item_assets/steam/apps/2507950/c620569202a10974cea6668a070e6a59d2cb2c3e/header_alt_assets_3.jpg?t=1747385498,Free To Play,Mixed
3059520,F1® 25,"Leave your mark on the world of racing in F1® 25, the official video game of the 2025 FIA Formula One World Championship™, featuring a revamped My Team mode, the thrilling third chapter of Braking Point, and more!","30 May, 2025",Codemasters,"Racing, Sports, Simulation, PvP, Co-op, Online Co-Op, Multiplayer, Singleplayer, Driving, Automobile Sim",https://shared.cloudflare.steamstatic.com/store_item_assets/steam/apps/3059520/37f833ca5bd3d5c3eec2b411131f3e00f580bbe7/header.jpg?t=1747324944,$59.99 USD,No Reviews
1237950,Unknown Title,,Unknown Date,Unknown Developer,,,Unknown Price,No Reviews
2878980,NBA 2K25,"Command every court with authenticity and realism Powered by ProPLAY™, giving you ultimate control over how you play in NBA 2K25. Define your legacy in MyCAREER, MyTEAM, MyNBA, and The W.","28 Oct, 2024",Visual Concepts,"Sports, Basketball, Simulation, eSports, 3D, Controller, Management, PvP, Character Customization, Immersive Sim",https://shared.cloudflare.steamstatic.com/store_item_assets/steam/apps/2878980/header.jpg?t=1747407792,$69.99 USD,Mixed
2669320,EA SPORTS FC™ 25,"EA SPORTS FC™ 25 gives you more ways to win for the club. Team up with friends in your favourite modes with the new 5v5 Rush, and manage your club to victory as FC IQ delivers more tactical control than ever before.","26 Sep, 2024",EA Canada,"Sports, Football (Soccer), Simulation, Controller, Multiplayer, eSports, Competitive, Local Co-Op, Family Friendly, Local Multiplayer",https://shared.cloudflare.steamstatic.com/store_item_assets/steam/apps/2669320/ec3fb7747fd8080ef53d7686e0d98c5abe1f51f1/header.jpg?t=1747167007,$69.99 USD,Mixed
1579340,Survive the Fall,"Explore, loot and fight in an open world action game set in a post-apocalyptic future after a devastating meteor strike. Assemble your team and take the fight to the enemy or choose a stealthy approach to gain the upper hand. Expand your base to research new gear and get ready to survive the fall.","22 May, 2025",Angry Bulls Studio,"Singleplayer, Survival, Open World, Open World Survival Craft, Base Building, Stealth, Action, Post-apocalyptic, Crafting, Exploration",https://shared.cloudflare.steamstatic.com/store_item_assets/steam/apps/1579340/c94f3aaada32a930bd296217d38fcd1852e846dd/header_alt_assets_0.jpg?t=1747932893,$10.37 USD,6 user reviews
2918300,Splitgate 2 - Beta,"Splitgate 2 is the only free-to-play shooter with portals, delivering next-level gunplay, fluid movement, and a variety of game modes in an evolving experience. Welcome to the future of sport.","22 May, 2025",1047 Games,"Shooter, Free to Play, Action, FPS, Multiplayer, Combat, Gun Customization, First-Person, Futuristic, Arena Shooter",https://shared.cloudflare.steamstatic.com/store_item_assets/steam/apps/2918300/e2086902e3e85fb2a8e525348a9f3259ee8ca8c7/header.jpg?t=1747942035,Free To Play,Mixed
281990,Stellaris,"Explore a galaxy full of wonders in this sci-fi grand strategy game from Paradox Development Studios. Interact with diverse alien races, discover strange new worlds with unexpected events and expand the reach of your empire. Each new adventure holds almost limitless possibilities.","9 May, 2016",Paradox Development Studio,"Space, Grand Strategy, Strategy, Sci-fi, 4X, Exploration, Sandbox, Simulation, Multiplayer, Singleplayer",https://shared.cloudflare.steamstatic.com/store_item_assets/steam/apps/281990/header.jpg?t=1746546960,$23.99 USD,Mixed
306130,Unknown Title,,Unknown Date,Unknown Developer,,,Unknown Price,No Reviews
1190970,House Flipper 2,"Clean your worries away with this relaxing renovation simulator! Buy, fix, sell, and become a local legend. Or grab your power tools and build anything from scratch! With the online 2-4 players co-op mode, you can play both in sandbox and story mode together.","14 Dec, 2023",Frozen District,"Simulation, Relaxing, Building, Casual, Co-op, Design & Illustration, Family Friendly, Replay Value, Sandbox, Destruction",https://shared.cloudflare.steamstatic.com/store_item_assets/steam/apps/1190970/a8c4bf872d073e27e96c2179e19a5cd9971bfd2e/header.jpg?t=1747826939,$2.99 USD,Very Positive
632360,Risk of Rain 2,"Escape a chaotic alien planet by fighting through hordes of frenzied monsters – with your friends, or on your own. Combine loot in surprising ways and master each character until you become the havoc you feared upon your first crash landing.","11 Aug, 2020",Hopoo Games,"Third-Person Shooter, Action Roguelike, Multiplayer, Co-op, Action, Roguelite, Roguelike, Looter Shooter, Loot, Online Co-Op",https://shared.cloudflare.steamstatic.com/store_item_assets/steam/apps/632360/header.jpg?t=1747421657,$25.18 USD,Very Positive
270880,American Truck Simulator,"Experience legendary American trucks and deliver various cargoes across sunny California, sandy Nevada, and the Grand Canyon State of Arizona. American Truck Simulator takes you on a journey through the breathtaking landscapes and widely recognized landmarks around the States.","2 Feb, 2016",SCS Software,"Automobile Sim, Driving, Open World, Transportation, Simulation, America, Realistic, Moddable, Relaxing, Exploration",https://shared.cloudflare.steamstatic.com/store_item_assets/steam/apps/270880/header.jpg?t=1747382099,$68.72 USD,Overwhelmingly Positive
1282100,Unknown Title,,Unknown Date,Unknown Developer,,,Unknown Price,No Reviews
2379780,Balatro,"The poker roguelike. Balatro is a hypnotically satisfying deckbuilder where you play illegal poker hands, discover game-changing jokers, and trigger adrenaline-pumping, outrageous combos.","20 Feb, 2024",LocalThunk,"Card Game, Roguelike Deckbuilder, Roguelike, Deckbuilding, Singleplayer, Strategy, Pixel Graphics, Replay Value, Roguelite, Turn-Based",https://shared.cloudflare.steamstatic.com/store_item_assets/steam/apps/2379780/header.jpg?t=1747836178,$1.99 USD,Overwhelmingly Positive
1407200,World of Tanks,"Jump into the free-to-play team-based shooter with an ever-expanding roster of historical vehicles, stunning graphics, spectacular locales, and orchestral scores. Show your mastery and face other players in thrilling PvP clashes. A unique mix of strategy and action awaits!","28 Apr, 2021",Wargaming Group Limited,"Tanks, Free to Play, Action, Military, PvP, Vehicular Combat, Multiplayer, Team-Based, Tactical, Massively Multiplayer",https://shared.cloudflare.steamstatic.com/store_item_assets/steam/apps/1407200/a05ca918e5543adc56909f407aa996ea620c5f90/header_alt_assets_23.jpg?t=1747931865,Free To Play,Mixed
1888160,Unknown Title,,Unknown Date,Unknown Developer,,,Unknown Price,No Reviews
2694490,Path of Exile 2,"Path of Exile 2 is a next generation Action RPG from Grinding Gear Games, featuring co-op for up to six players. Set years after the original Path of Exile, you will return to the dark world of Wraeclast and seek to end the corruption that is spreading.","6 Dec, 2024",Grinding Gear Games,"Action RPG, Hack and Slash, RPG, Souls-like, Dark Fantasy, Isometric, MMORPG, Action, Dungeon Crawler, Loot",https://shared.cloudflare.steamstatic.com/store_item_assets/steam/apps/2694490/header.jpg?t=1745801545,$29.99 USD,Mixed
2698940,The Crew Motorfest,"Welcome to Motorfest, the ultimate open-world driving experience. Explore the Hawaiian islands of O'ahu and Maui. Celebrate the best of car culture through 20+ themed campaigns (street racing, offroad, drift...) and collect hundreds of iconic vehicles. Enjoy the game free for five hours!","18 Apr, 2024",Ubisoft Ivory Tower,"Racing, Arcade, Open World, Multiplayer, Driving, Sandbox, Singleplayer, Sports, PvP, Online Co-Op",https://shared.cloudflare.steamstatic.com/store_item_assets/steam/apps/2698940/header.jpg?t=1741704730,$40.69 USD,Mostly Positive
490110,The Precinct,"Averno City, 1983. Gangs rule the streets and your father lies restless in his grave. Clean up the city, uncover the truth, and embark on thrilling vehicle chases through destructible environments in this neon-noir action sandbox police game.","13 May, 2025",Fallen Tree Games Ltd,"Detective, Crime, Sandbox, Top-Down Shooter, Open World, Singleplayer, Noir, Investigation, 3D, Simulation",https://shared.cloudflare.steamstatic.com/store_item_assets/steam/apps/490110/header.jpg?t=1747313291,$14.99 USD,Very Positive
2073850,THE FINALS,"Join THE FINALS, the world-famous, free-to-play, combat-centered game show! Fight alongside your teammates in virtual arenas that you can alter, exploit, and even destroy. Build your own playstyle in this first-person shooter to win escalating tournaments and lasting fame.","7 Dec, 2023",Embark Studios,"Destruction, Free to Play, Multiplayer, FPS, Shooter, Team-Based, Competitive, PvP, Action, First-Person",https://shared.cloudflare.steamstatic.com/store_item_assets/steam/apps/2073850/05c094dc480f5002adfb7c9076789260bf86faee/header.jpg?t=1743523996,Free To Play,Mostly Positive
3678030,Unknown Title,,Unknown Date,Unknown Developer,,,Unknown Price,No Reviews
2246340,Monster Hunter Wilds,"The unbridled force of nature runs wild and relentless, with environments transforming drastically from one moment to the next. This is a story of monsters and humans and their struggles to live in harmony in a world of duality.","27 Feb, 2025","CAPCOM Co., Ltd.","Hunting, Action, Multiplayer, Online Co-Op, Co-op, Dating Sim, Character Customization, Dragons, Open World, Third Person",https://shared.cloudflare.steamstatic.com/store_item_assets/steam/apps/2246340/header.jpg?t=1747271831,$52.49 USD,Mixed
2619650,Cauldron,"Cauldron is an upgrade-heavy, minigame-centric, turn-based RPG. Play minigames to strengthen your party, then win battles to uncover more map, more heroes, more minigames, more everything! If your favorite plant is an upgrade tree, then this game is for you!","21 May, 2025",SleepyDad Games,"Minigames, Idler, Casual, Turn-Based Strategy, Adventure, Pixel Graphics, Auto Battler, 2D, Fantasy, Tactical RPG",https://shared.cloudflare.steamstatic.com/store_item_assets/steam/apps/2619650/fcaf46990715a42706652f3defdd39f1f54cf2ae/header_alt_assets_0.jpg?t=1747891124,$7.19 USD,Positive
3678020,Unknown Title,,Unknown Date,Unknown Developer,"Gore, Violent",,Unknown Price,No Reviews
39210,Unknown Title,,Unknown Date,Unknown Developer,,,Unknown Price,No Reviews
1569580,Blue Prince,"Welcome to Mt. Holly, where every dawn unveils a new mystery. Navigate through shifting corridors and ever-changing chambers in this genre-defying strategy puzzle adventure. But will your unpredictable path lead you to the rumored Room 46?","10 Apr, 2025",Dogubomb,"Puzzle, Exploration, Mystery, Investigation, Singleplayer, Story Rich, Roguelite, First-Person, Indie, Adventure",https://shared.cloudflare.steamstatic.com/store_item_assets/steam/apps/1569580/header.jpg?t=1745846630,$14.99 USD,Very Positive
2933620,Unknown Title,,Unknown Date,Unknown Developer,"Violent, Gore, Realistic",,Unknown Price,No Reviews
552990,World of Warships,"Immerse yourself in thrilling naval battles and assemble an armada of over 600 ships from the first half of the 20th century — from stealthy destroyers to gigantic battleships. Change the look of your ship, choose upgrades to suit your play style, and go into battle with other players!","15 Nov, 2017",Wargaming Group Limited,"Free to Play, Naval Combat, Action, Co-op, Tactical, Online Co-Op, Multiplayer, Naval, PvP, World War II",https://shared.cloudflare.steamstatic.com/store_item_assets/steam/apps/552990/f4198e6575cd3e5d7cf0831ec729132f3fa17a4d/header.jpg?t=1747832511,Free To Play,Mostly Positive
1551360,Forza Horizon 5,"Explore the vibrant open world landscapes of Mexico with limitless, fun driving action in the world’s greatest cars.","8 Nov, 2021",Playground Games,"Racing, Open World, Driving, Multiplayer, Automobile Sim, Realistic, Simulation, Adventure, Arcade, Exploration",https://shared.cloudflare.steamstatic.com/store_item_assets/steam/apps/1551360/d466b468fb5d5c7efe08507852eb3c0b40707aec/header_alt_assets_2.jpg?t=1746471508,$32.78 USD,Very Positive
1771300,Unknown Title,,Unknown Date,Unknown Developer,,,Unknown Price,No Reviews
594570,Total War: WARHAMMER II,"Strategy gaming perfected. A breath-taking campaign of exploration, expansion and conquest across a fantasy world. Turn-based civilisation management and real-time epic strategy battles with thousands of troops and monsters at your command.","28 Sep, 2017",CREATIVE ASSEMBLY,"Strategy, Fantasy, Turn-Based Strategy, RTS, Grand Strategy, War, Multiplayer, Games Workshop, Action, Turn-Based",https://shared.cloudflare.steamstatic.com/store_item_assets/steam/apps/594570/4239601236aee6406507f63b692072d25012f5b3/header_alt_assets_11.jpg?t=1747123491,$46.40 USD,Very Positive
2807150,Worshippers of Cthulhu,"LEAD the CULT OF CTHULHU. Decide the fate of your followers, perform eldritch rituals, and master the art of city-building in a world where the line between sanity and madness blurs. Can you endure the horrors you unleash?","22 May, 2025",Crazy Goat Games,"Colony Sim, Sandbox, Lovecraftian, Management, City Builder, Strategy, Base Building, Simulation, Building, Horror",https://shared.cloudflare.steamstatic.com/store_item_assets/steam/apps/2807150/4b6d6babb3cea575f820cf008d0fcc3d38384102/header_alt_assets_5.jpg?t=1747929276,$8.74 USD,Very Positive
1665460,eFootball™,The feverish football game with a worldwide total of 850 million downloads is waiting for you! Play eFootball™ with users around the world!,"29 Sep, 2021",KONAMI,"Football (Soccer), Free to Play, Controller, Multiplayer, Sports, eSports, Simulation, Local Multiplayer, PvP, Co-op",https://shared.cloudflare.steamstatic.com/store_item_assets/steam/apps/1665460/0df3a961ddabcc8ebdb8a858a84f4e2f22eb02ef/header.jpg?t=1744861065,Free To Play,Mixed
899770,Last Epoch,"Uncover the Past, Reforge the Future. Ascend into one of 15 mastery classes and explore dangerous dungeons, hunt epic loot, craft legendary weapons, and wield the power of over a hundred transformative skill trees. Last Epoch is being developed by a team of passionate Action RPG enthusiasts.","21 Feb, 2024",Eleventh Hour Games,"Action RPG, Loot, Hack and Slash, RPG, Isometric, Multiplayer, Action, Co-op, Adventure, Top-Down",https://shared.cloudflare.steamstatic.com/store_item_assets/steam/apps/899770/bf7bf6df7fea6b22c6ea451d5af5aacf3a7cadfa/header.jpg?t=1747331839,$18.00 USD,Very Positive
1222670,The Sims™ 4,Play with life and discover the possibilities. Unleash your imagination and create a world of Sims that’s wholly unique. Explore and customize every detail from Sims to homes–and much more.,"2 Sep, 2014",Maxis,"Life Sim, Character Customization, Free to Play, Building, Romance, Simulation, Sandbox, Singleplayer, Dating Sim, Relaxing",https://shared.cloudflare.steamstatic.com/store_item_assets/steam/apps/1222670/header_alt_assets_7.jpg?t=1746119045,Free To Play,Very Positive
1888160,Unknown Title,,Unknown Date,Unknown Developer,,,Unknown Price,No Reviews
489630,"Warhammer 40,000: Gladius - Relics of War","Warhammer 40,000: Gladius – Relics of War brings you to a world of terror and violence. Four factions will engage in a brutal war for dominance over the planet’s resources. In the first turn-based 4X strategy game set in Warhammer 40,000 you will lead one of four unique factions.","12 Jul, 2018",Proxy Studios,"Strategy, Warhammer 40K, 4X, Turn-Based Strategy, Turn-Based, Multiplayer, Hex Grid, Sci-fi, Turn-Based Tactics, Wargame",https://shared.cloudflare.steamstatic.com/store_item_assets/steam/apps/489630/d6c4421339f92ea8c366dd2114e1ff1fbd3fb168/header_alt_assets_3.jpg?t=1747933905,$62.96 USD,Very Positive
2208920,Unknown Title,,Unknown Date,Unknown Developer,Violent,,Unknown Price,No Reviews
413150,Stardew Valley,"You've inherited your grandfather's old farm plot in Stardew Valley. Armed with hand-me-down tools and a few coins, you set out to begin your new life. Can you learn to live off the land and turn these overgrown fields into a thriving home?","26 Feb, 2016",ConcernedApe,"Farming Sim, Pixel Graphics, Multiplayer, Life Sim, RPG, Relaxing, Agriculture, Simulation, Crafting, Sandbox",https://shared.cloudflare.steamstatic.com/store_item_assets/steam/apps/413150/header.jpg?t=1711128146,$5.99 USD,Overwhelmingly Positive
2399830,ARK: Survival Ascended,"ARK is reimagined from the ground-up into the next-generation of video game technology with Unreal Engine 5! Form a tribe, tame & breed hundreds of unique dinosaurs and primeval creatures, explore, craft, build, and fight your way to the top of the food-chain. Your new world awaits!","25 Oct, 2023",Studio Wildcard,"Early Access, Survival, Open World, Multiplayer, Dinosaurs, Building, Adventure, Base Building, Crafting, Action",https://shared.cloudflare.steamstatic.com/store_item_assets/steam/apps/2399830/header.jpg?t=1744843097,$20.99 USD,Mixed
582660,Black Desert,"Played by over 20 million Adventurers - Black Desert Online is an open-world, action MMORPG. Experience intense, action-packed combat, battle massive world bosses, fight alongside friends to siege and conquer castles, and train in professions such as fishing, trading, crafting, cooking, and more!","16 May, 2018",Pearl Abyss,"MMORPG, Massively Multiplayer, Open World, Character Customization, RPG, Adventure, Fantasy, Action, Strategy, 3D",https://shared.cloudflare.steamstatic.com/store_item_assets/steam/apps/582660/header.jpg?t=1740425518,$4.99 USD,Mixed
440,Team Fortress 2,"Nine distinct classes provide a broad range of tactical abilities and personalities. Constantly updated with new game modes, maps, equipment and, most importantly, hats!","10 Oct, 2007",Valve,"Free to Play, Hero Shooter, Multiplayer, FPS, Shooter, Action, Class-Based, Team-Based, Funny, First-Person",https://shared.cloudflare.steamstatic.com/store_item_assets/steam/apps/440/header.jpg?t=1745368581,Free To Play,Overwhelmingly Positive
2358720,Unknown Title,,Unknown Date,Unknown Developer,Violent,,Unknown Price,No Reviews
1282270,Strinova,Strinova is an anime-style third-person tactical competitive shooter. Switch freely between three-dimensional and two-dimensional forms in this one-of-a-kind game that offers a unique tactical shooting system for an unparalleled experience.,"21 Nov, 2024",iDreamSky,"Free to Play, Anime, Third-Person Shooter, Hero Shooter, FPS, Multiplayer, Shooter, PvP, Action, Third Person",https://shared.cloudflare.steamstatic.com/store_item_assets/steam/apps/1282270/5a13c35f07a71e100e3eb0cf586bd36e3063a6cd/header.jpg?t=1745027527,Free To Play,Mostly Positive
2141910,Magic: The Gathering Arena,"Magic: The Gathering Arena empowers you to discover your strategy, meet the planeswalkers, explore the multiverse, and battle friends around the world. Start playing for free, challenge your friends, unlock cards, and feel the magic of the original fantasy CCG!","23 May, 2023",Wizards of the Coast LLC,"Strategy, Card Game, Trading Card Game, Free to Play, Deckbuilding, PvP, Multiplayer, Turn-Based Strategy, eSports, Fantasy",https://shared.cloudflare.steamstatic.com/store_item_assets/steam/apps/2141910/d6f02fab974a739fc074b5bd7af9ee9f97916428/header.jpg?t=1747066598,Free To Play,Mixed
1172620,Sea of Thieves: 2025 Edition,"Sea of Thieves is a smash-hit pirate adventure game, offering the quintessential pirate experience of plundering lost treasures, intense battles, vanquishing sea monsters and more. Dive in with this revised edition of the game, which includes access to digital bonus media.","3 Jun, 2020",Rare Ltd,"Multiplayer, Open World, Adventure, Pirates, Co-op, Online Co-Op, PvP, Action, Sailing, First-Person",https://shared.cloudflare.steamstatic.com/store_item_assets/steam/apps/1172620/header.jpg?t=1747914761,$27.99 USD,Very Positive
1158310,Crusader Kings III,"Love, fight, scheme, and claim greatness. Determine your noble house’s legacy in the sprawling grand strategy of Crusader Kings III. Death is only the beginning as you guide your dynasty’s bloodline in the rich and larger-than-life simulation of the Middle Ages.","1 Sep, 2020",Paradox Development Studio,"Strategy, Medieval, Grand Strategy, Simulation, RPG, Historical, Management, Character Customization, Life Sim, Sandbox",https://shared.cloudflare.steamstatic.com/store_item_assets/steam/apps/1158310/header.jpg?t=1745933101,$29.99 USD,Mostly Positive
